,sunrise,sunset
20211126,0713,1717
20211127,0714,1716
20211128,0715,1716
20211129,0716,1716
20211130,0717,1716
20211201,0717,1715
20211202,0718,1715
20211203,0719,1715
20211204,0720,1715
20211205,0721,1715
20211206,0722,1715
20211207,0723,1715
20211208,0723,1715
20211209,0724,1715
20211210,0725,1716
20211211,0726,1716
20211212,0726,1716
20211213,0727,1716
20211214,0728,1716
20211215,0729,1717
20211216,0729,1717
20211217,0730,1717
20211218,0730,1718
20211219,0731,1718
20211220,0732,1719
20211221,0732,1719
20211222,0733,1720
20211223,0733,1720
20211224,0733,1721
20211225,0734,1721
20211226,0734,1722
20211227,0735,1723
20211228,0735,1723
20211229,0735,1724
20211230,0736,1725
20211231,0736,1725
20220101,0736,1726
20220102,0736,1727
20220103,0736,1728
20220104,0736,1728
20220105,0737,1729
20220106,0737,1730
20220107,0737,1731
20220108,0737,1732
20220109,0737,1733
20220110,0737,1734
20220111,0736,1735
20220112,0736,1735
20220113,0736,1736
20220114,0736,1737
20220115,0736,1738
20220116,0735,1739
20220117,0735,1740
20220118,0735,1741
20220119,0734,1742
20220120,0734,1743
20220121,0734,1744
20220122,0733,1745
20220123,0733,1746
20220124,0732,1747
20220125,0732,1748
20220126,0731,1749
20220127,0730,1750
20220128,0730,1751
20220129,0729,1752
20220130,0729,1753
20220131,0728,1754
20220201,0727,1755
20220202,0726,1756
20220203,0726,1758
20220204,0725,1759
20220205,0724,1800
20220206,0723,1801
20220207,0722,1802
20220208,0721,1803
20220209,0720,1804
20220210,0719,1805
20220211,0718,1806
20220212,0717,1807
20220213,0716,1808
20220214,0715,1809
20220215,0714,1810
20220216,0713,1811
20220217,0712,1811
20220218,0711,1812
20220219,0710,1813
20220220,0709,1814
20220221,0708,1815
20220222,0706,1816
20220223,0705,1817
20220224,0704,1818
20220225,0703,1819
20220226,0702,1820
20220227,0700,1821
20220228,0659,1822
